{"bmi_mae": 5.576380735250382, "bmi_cor": 0.0699440413970005, "age_mae": 7.339144044870082, "sex_auc": 0.9981657179000634, "model": "vgg16"}